{"cameraMode":{"drawMode":0,"name":"Shaded","section":"Shading Mode"},"sceneLighting":true,"audioPlay":false,"sceneViewState":{"m_AlwaysRefresh":false,"showFog":true,"showSkybox":true,"showFlares":true,"showImageEffects":true,"showParticleSystems":true,"showVisualEffectGraphs":true,"m_FxEnabled":true},"in2DMode":false,"pivot":{"x":3.3122000694274904,"y":5.959016799926758,"z":41.457767486572269},"rotation":{"x":-0.007802080363035202,"y":-0.039333686232566836,"z":0.00041439695633016527,"w":-0.9992220997810364},"size":34.09953308105469,"orthographic":false}